index,dataset,api_name,version,title,target_keyword_match,source_url,local_path,retrieved_at,status,error,sha256,bytes
1,apis_guru,1forge.com,0.0.1,1Forge Finance APIs,True,https://api.apis.guru/v2/specs/1forge.com/0.0.1/swagger.json,data/apis_guru/specs/0001_1forge.com_0.0.1.json,2026-06-02T02:51:24+00:00,ok,,fb1f64450ecb41864d7465a9eb1b5387eb05644f52189f1af527c8d002245f4e,2052
2,apis_guru,abstractapi.com:geolocation,1.0.0,IP geolocation API,True,https://api.apis.guru/v2/specs/abstractapi.com/geolocation/1.0.0/openapi.json,data/apis_guru/specs/0002_abstractapi.com_geolocation_1.0.0.json,2026-06-02T02:51:24+00:00,ok,,5f6e8c821cc406727963c89fcd62b5fdf145029fee58c179058ce9b8ad6196d7,6998
3,apis_guru,adafruit.com,2.0.0,Adafruit IO REST API,True,https://api.apis.guru/v2/specs/adafruit.com/2.0.0/swagger.json,data/apis_guru/specs/0003_adafruit.com_2.0.0.json,2026-06-02T02:51:25+00:00,ok,,f778bda6c8cb627ca1539412d75515997288efb7b776343b561470a1481e345d,111153
4,apis_guru,adyen.com:BalancePlatformService,2,Configuration API,True,https://api.apis.guru/v2/specs/adyen.com/BalancePlatformService/2/openapi.json,data/apis_guru/specs/0004_adyen.com_BalancePlatformService_2.json,2026-06-02T02:51:26+00:00,ok,,b9b512fa0dab50c9664a49b0e28d503dfd26e05ff854a17ba81202ac6e882142,311733
5,apis_guru,adyen.com:LegalEntityService,3,Legal Entity Management API,True,https://api.apis.guru/v2/specs/adyen.com/LegalEntityService/3/openapi.json,data/apis_guru/specs/0005_adyen.com_LegalEntityService_3.json,2026-06-02T02:51:27+00:00,ok,,42c7a8f89663ddad422e0d8c24f00492feeaf18bfb26103c34d4a71b1943eff0,228325
6,apis_guru,adyen.com:TransferService,3,Transfers API,True,https://api.apis.guru/v2/specs/adyen.com/TransferService/3/openapi.json,data/apis_guru/specs/0006_adyen.com_TransferService_3.json,2026-06-02T02:51:28+00:00,ok,,9e98283ab4506278d10387d64ba20177a380c3dbcf0f625f8fe7b823112a401a,85164
7,apis_guru,amadeus.com,2.2.0,Flight Offers Search,True,https://api.apis.guru/v2/specs/amadeus.com/2.2.0/openapi.json,data/apis_guru/specs/0007_amadeus.com_2.2.0.json,2026-06-02T02:51:28+00:00,ok,,15e9339b4ac6a5bcdb57ccb460f85c569e13df2970f89084f9a17cbcc0e66f1f,107534
8,apis_guru,amadeus.com:amadeus-airline-code-lookup,1.1.1,Airline Code Lookup API,True,https://api.apis.guru/v2/specs/amadeus.com/amadeus-airline-code-lookup/1.1.1/swagger.json,data/apis_guru/specs/0008_amadeus.com_amadeus-airline-code-lookup_1.1.1.json,2026-06-02T02:51:30+00:00,ok,,be46a8bcb027ffb3c799f3323f8db4243cc142c8aaf98ba43f9b0c1fc27be88c,8967
9,apis_guru,amadeus.com:amadeus-airport-&-city-search,1.2.3,Airport & City Search,True,https://api.apis.guru/v2/specs/amadeus.com/amadeus-airport-&-city-search/1.2.3/swagger.json,data/apis_guru/specs/0009_amadeus.com_amadeus-airport-_-city-search_1.2.3.json,2026-06-02T02:51:30+00:00,ok,,809f34993678a2798ad6cd9234032ac7aaa23dfded4d4304ea700ffc741b299e,21687
10,apis_guru,amadeus.com:amadeus-airport-nearest-relevant,1.1.2,Airport Nearest Relevant,True,https://api.apis.guru/v2/specs/amadeus.com/amadeus-airport-nearest-relevant/1.1.2/swagger.json,data/apis_guru/specs/0010_amadeus.com_amadeus-airport-nearest-relevant_1.1.2.json,2026-06-02T02:51:31+00:00,ok,,efd42794e04e14053622a60ddf1b681cf6323fc435e9368318f533041f48b312,24750
11,apis_guru,amadeus.com:amadeus-branded-fares-upsell,1.0.1,Branded Fares Upsell,True,https://api.apis.guru/v2/specs/amadeus.com/amadeus-branded-fares-upsell/1.0.1/swagger.json,data/apis_guru/specs/0011_amadeus.com_amadeus-branded-fares-upsell_1.0.1.json,2026-06-02T02:51:32+00:00,ok,,7da6eeae44b4b9dcd154a533e26a160261e4b59293a16d9e98d5d405c086c574,162877
12,apis_guru,amadeus.com:amadeus-flight-availabilities-search,1.0.2,Flight Availibilities Search,True,https://api.apis.guru/v2/specs/amadeus.com/amadeus-flight-availabilities-search/1.0.2/swagger.json,data/apis_guru/specs/0012_amadeus.com_amadeus-flight-availabilities-search_1.0.2.json,2026-06-02T02:51:32+00:00,ok,,1a1ffe05fe993f2a1b0623a1bed3864ec5f197583069f226993f2ef4c2d50e15,34682
13,apis_guru,amadeus.com:amadeus-flight-busiest-traveling-period,1.0.2,Flight Busiest Traveling Period,True,https://api.apis.guru/v2/specs/amadeus.com/amadeus-flight-busiest-traveling-period/1.0.2/swagger.json,data/apis_guru/specs/0013_amadeus.com_amadeus-flight-busiest-traveling-period_1.0.2.json,2026-06-02T02:51:33+00:00,ok,,89f7da05c37f0336bcdac6e2921bd7b0ebdae1d9e1717ddf964fe7122e8b7e60,12115
14,apis_guru,amadeus.com:amadeus-flight-cheapest-date-search,1.0.6,Flight Cheapest Date Search,True,https://api.apis.guru/v2/specs/amadeus.com/amadeus-flight-cheapest-date-search/1.0.6/swagger.json,data/apis_guru/specs/0014_amadeus.com_amadeus-flight-cheapest-date-search_1.0.6.json,2026-06-02T02:51:33+00:00,ok,,3408320c4831b1809fc929c9b5e0636b91556156ac360be3b8da99255c96bddc,561642
15,apis_guru,amadeus.com:amadeus-flight-check-in-links,2.1.2,Flight Check-in Links,True,https://api.apis.guru/v2/specs/amadeus.com/amadeus-flight-check-in-links/2.1.2/swagger.json,data/apis_guru/specs/0015_amadeus.com_amadeus-flight-check-in-links_2.1.2.json,2026-06-02T02:51:34+00:00,ok,,a584b27ca4aee718421224f915eca200763e257dea316fb3fc913d0ecaef1eaf,10853
16,apis_guru,amadeus.com:amadeus-flight-choice-prediction,2.0.2,Flight Choice Prediction,True,https://api.apis.guru/v2/specs/amadeus.com/amadeus-flight-choice-prediction/2.0.2/swagger.json,data/apis_guru/specs/0016_amadeus.com_amadeus-flight-choice-prediction_2.0.2.json,2026-06-02T02:51:35+00:00,ok,,64b6c0559ebcde566940f62485840e58af097765afe967c93761f9a498c8c9f9,96485
17,apis_guru,amadeus.com:amadeus-flight-create-orders,1.9.0,Flight Create Orders,True,https://api.apis.guru/v2/specs/amadeus.com/amadeus-flight-create-orders/1.9.0/swagger.json,data/apis_guru/specs/0017_amadeus.com_amadeus-flight-create-orders_1.9.0.json,2026-06-02T02:51:35+00:00,ok,,0c2a201e557cf4f4a973b4eace60f00f0cab0b9ebc13d752f772ed98dc31e37b,107346
18,apis_guru,amadeus.com:amadeus-flight-inspiration-search,1.0.6,Flight Inspiration Search,True,https://api.apis.guru/v2/specs/amadeus.com/amadeus-flight-inspiration-search/1.0.6/swagger.json,data/apis_guru/specs/0018_amadeus.com_amadeus-flight-inspiration-search_1.0.6.json,2026-06-02T02:51:36+00:00,ok,,814511ed7ad169439909591fd29de15af96727363a6a804f1cafef825bc428d0,44513
19,apis_guru,amadeus.com:amadeus-flight-most-booked-destinations,1.1.1,Flight Most Booked Destinations,True,https://api.apis.guru/v2/specs/amadeus.com/amadeus-flight-most-booked-destinations/1.1.1/swagger.json,data/apis_guru/specs/0019_amadeus.com_amadeus-flight-most-booked-destinations_1.1.1.json,2026-06-02T02:51:37+00:00,ok,,c6c909efa90de46e36e5c935f49bb194e181cbe1e9a9db53910df3a5db0d5cb5,14942
20,apis_guru,amadeus.com:amadeus-flight-most-traveled-destinations,1.1.1,Flight Most Traveled Destinations,True,https://api.apis.guru/v2/specs/amadeus.com/amadeus-flight-most-traveled-destinations/1.1.1/swagger.json,data/apis_guru/specs/0020_amadeus.com_amadeus-flight-most-traveled-destinations_1.1.1.json,2026-06-02T02:51:37+00:00,ok,,70d6ba1537cc5b70519ee8885ebdd2b67ed94375d69adb9b05ce012c18f0e94f,15295
21,apis_guru,amadeus.com:amadeus-flight-offers-price,1.2.2,Flight Offers Price,True,https://api.apis.guru/v2/specs/amadeus.com/amadeus-flight-offers-price/1.2.2/swagger.json,data/apis_guru/specs/0021_amadeus.com_amadeus-flight-offers-price_1.2.2.json,2026-06-02T02:51:38+00:00,ok,,b7cf5129f4d0d72757f77734d1942cf5dd9ee5e0772107c7aaa36eecb20f8d61,77667
22,apis_guru,amadeus.com:amadeus-flight-order-management,1.9.0,Flight Order Management,True,https://api.apis.guru/v2/specs/amadeus.com/amadeus-flight-order-management/1.9.0/swagger.json,data/apis_guru/specs/0022_amadeus.com_amadeus-flight-order-management_1.9.0.json,2026-06-02T02:51:38+00:00,ok,,c8860b5dd771526b2ff963734c1348b6ae09cc27ea198741a0b935b410e06619,90793
23,apis_guru,amadeus.com:amadeus-hotel-booking,1.1.3,Hotel Booking,True,https://api.apis.guru/v2/specs/amadeus.com/amadeus-hotel-booking/1.1.3/swagger.json,data/apis_guru/specs/0023_amadeus.com_amadeus-hotel-booking_1.1.3.json,2026-06-02T02:51:39+00:00,ok,,b63ece4048b964bad83dfed2e967eb6eb931033b62688266172e8ab272b50b76,20070
24,apis_guru,amadeus.com:amadeus-hotel-name-autocomplete,1.0.3,Hotel Name Autocomplete,True,https://api.apis.guru/v2/specs/amadeus.com/amadeus-hotel-name-autocomplete/1.0.3/swagger.json,data/apis_guru/specs/0024_amadeus.com_amadeus-hotel-name-autocomplete_1.0.3.json,2026-06-02T02:51:39+00:00,ok,,2877037393337eca3d35b0c6b1183ffcc596ba8d61678f0e3ad1b977c3d94ada,27592
25,apis_guru,amadeus.com:amadeus-hotel-ratings,1.0.2,Hotel Ratings,True,https://api.apis.guru/v2/specs/amadeus.com/amadeus-hotel-ratings/1.0.2/swagger.json,data/apis_guru/specs/0025_amadeus.com_amadeus-hotel-ratings_1.0.2.json,2026-06-02T02:51:40+00:00,ok,,a53725922c6f4333ad6b9243c7d9d35c01cde5f71d6d2750632984aef5cd2ef3,13657
26,apis_guru,amadeus.com:amadeus-hotel-search,3.0.8,Hotel Search API,True,https://api.apis.guru/v2/specs/amadeus.com/amadeus-hotel-search/3.0.8/swagger.json,data/apis_guru/specs/0026_amadeus.com_amadeus-hotel-search_3.0.8.json,2026-06-02T02:51:41+00:00,ok,,ea3a1fc78c695b7d77c0d51fdd3fde79b9dfb8042891124055598e6cd613c01d,42681
27,apis_guru,amadeus.com:amadeus-location-score,1.0.2,Location Score,True,https://api.apis.guru/v2/specs/amadeus.com/amadeus-location-score/1.0.2/openapi.json,data/apis_guru/specs/0027_amadeus.com_amadeus-location-score_1.0.2.json,2026-06-02T02:51:41+00:00,ok,,b9ee3d77f0074ec42626055c427985dd8e44a08a0d416caa74d18d4c95b87a2a,21139
28,apis_guru,amadeus.com:amadeus-on-demand-flight-status,2.0.2,On-Demand Flight Status,True,https://api.apis.guru/v2/specs/amadeus.com/amadeus-on-demand-flight-status/2.0.2/swagger.json,data/apis_guru/specs/0028_amadeus.com_amadeus-on-demand-flight-status_2.0.2.json,2026-06-02T02:51:42+00:00,ok,,63cba48eb3cba37c456293b35191e0855c9327428969896341803f9a56730127,17751
29,apis_guru,amadeus.com:amadeus-points-of-interest,1.1.1,Points of Interest,True,https://api.apis.guru/v2/specs/amadeus.com/amadeus-points-of-interest/1.1.1/swagger.json,data/apis_guru/specs/0029_amadeus.com_amadeus-points-of-interest_1.1.1.json,2026-06-02T02:51:44+00:00,ok,,044729a5c90f6ccb8c387d861288adf9d589353d1aae0387cfb870edce32ff9a,25761
30,apis_guru,amadeus.com:amadeus-safe-place-,1.0.0,Safe Place,True,https://api.apis.guru/v2/specs/amadeus.com/amadeus-safe-place-/1.0.0/swagger.json,data/apis_guru/specs/0030_amadeus.com_amadeus-safe-place-_1.0.0.json,2026-06-02T02:51:44+00:00,ok,,942ef4e45017cfe93d800b7c5d2cda4e5fac2d01cff368e8ba3dd419a83782fc,25917
31,apis_guru,amadeus.com:amadeus-seatmap-display,1.9.2,Seatmap Display,True,https://api.apis.guru/v2/specs/amadeus.com/amadeus-seatmap-display/1.9.2/swagger.json,data/apis_guru/specs/0031_amadeus.com_amadeus-seatmap-display_1.9.2.json,2026-06-02T02:51:45+00:00,ok,,e2c36eccc4d954da5b848aec22704bb7f86dd4c17365ecdec2d770aaef8938c5,659554
32,apis_guru,amadeus.com:amadeus-tours-and-activities,1.0.2,Tours and Activities,True,https://api.apis.guru/v2/specs/amadeus.com/amadeus-tours-and-activities/1.0.2/swagger.json,data/apis_guru/specs/0032_amadeus.com_amadeus-tours-and-activities_1.0.2.json,2026-06-02T02:51:46+00:00,ok,,36e3c81266327f05b716cf36742286d993bf787037eece39d12b701fecd01326,16984
33,apis_guru,amazonaws.com:accessanalyzer,2019-11-01,Access Analyzer,True,https://api.apis.guru/v2/specs/amazonaws.com/accessanalyzer/2019-11-01/openapi.json,data/apis_guru/specs/0033_amazonaws.com_accessanalyzer_2019-11-01.json,2026-06-02T02:51:47+00:00,ok,,1e2af482b5800f688f1aa0fd92e0356e6f4239d26694dd70eb0f3f7d76fc685a,258123
34,apis_guru,amazonaws.com:acm-pca,2017-08-22,AWS Certificate Manager Private Certificate Authority,True,https://api.apis.guru/v2/specs/amazonaws.com/acm-pca/2017-08-22/openapi.json,data/apis_guru/specs/0034_amazonaws.com_acm-pca_2017-08-22.json,2026-06-02T02:51:47+00:00,ok,,804a0ccbf0427a82c3d7a5e956568ba5b84084f1c310f0c30c0142d6bebb0ffa,223542
35,apis_guru,amazonaws.com:appconfig,2019-10-09,Amazon AppConfig,True,https://api.apis.guru/v2/specs/amazonaws.com/appconfig/2019-10-09/openapi.json,data/apis_guru/specs/0035_amazonaws.com_appconfig_2019-10-09.json,2026-06-02T02:51:48+00:00,ok,,21b9c1aec7ce2a523a19404604ee42080f5e04bf2f819c8d38b7b1037f7ecf08,244271
36,apis_guru,amazonaws.com:apprunner,2020-05-15,AWS App Runner,True,https://api.apis.guru/v2/specs/amazonaws.com/apprunner/2020-05-15/openapi.json,data/apis_guru/specs/0036_amazonaws.com_apprunner_2020-05-15.json,2026-06-02T02:51:48+00:00,ok,,4dd5ceb0a74c2e9f2e330315e808197aad5475f8f283616ea5ac6accd1742c49,263260
37,apis_guru,amazonaws.com:appstream,2016-12-01,Amazon AppStream,True,https://api.apis.guru/v2/specs/amazonaws.com/appstream/2016-12-01/openapi.json,data/apis_guru/specs/0037_amazonaws.com_appstream_2016-12-01.json,2026-06-02T02:51:49+00:00,ok,,2b064b58ab982c0bb75b72ca2d7679df751213359327a20b4eba753286ade2d6,425537
38,apis_guru,amazonaws.com:autoscaling,2011-01-01,Auto Scaling,True,https://api.apis.guru/v2/specs/amazonaws.com/autoscaling/2011-01-01/openapi.json,data/apis_guru/specs/0038_amazonaws.com_autoscaling_2011-01-01.json,2026-06-02T02:51:49+00:00,ok,,cf7a84f315d6589a7724bdf8672b4635b8b23426258ab5ab1b76888f450738aa,913860
39,apis_guru,amazonaws.com:budgets,2016-10-20,AWS Budgets,True,https://api.apis.guru/v2/specs/amazonaws.com/budgets/2016-10-20/openapi.json,data/apis_guru/specs/0039_amazonaws.com_budgets_2016-10-20.json,2026-06-02T02:51:50+00:00,ok,,6c26cc587e50aa3372e3297dd50ce76bf348c587067c787568522c76d28531d7,182058
40,apis_guru,amazonaws.com:ce,2017-10-25,AWS Cost Explorer Service,True,https://api.apis.guru/v2/specs/amazonaws.com/ce/2017-10-25/openapi.json,data/apis_guru/specs/0040_amazonaws.com_ce_2017-10-25.json,2026-06-02T02:51:51+00:00,ok,,273b220d2ecdf5085c1ab4c8ee384cf3c2b384903f34ae494862cb68953d905c,419597
41,apis_guru,amazonaws.com:chime,2018-05-01,Amazon Chime,True,https://api.apis.guru/v2/specs/amazonaws.com/chime/2018-05-01/openapi.json,data/apis_guru/specs/0041_amazonaws.com_chime_2018-05-01.json,2026-06-02T02:51:51+00:00,ok,,9f971894d5f0aca61a904ac82e3857898b2e58a70a117a899fdaca5f8fd88cf6,1162687
42,apis_guru,amazonaws.com:cloud9,2017-09-23,AWS Cloud9,True,https://api.apis.guru/v2/specs/amazonaws.com/cloud9/2017-09-23/openapi.json,data/apis_guru/specs/0042_amazonaws.com_cloud9_2017-09-23.json,2026-06-02T02:51:52+00:00,ok,,50cac89881667cb185b8b4130d35fc9d268108f96811cb5aaec67b3b0cc8821b,96406
43,apis_guru,amazonaws.com:cloudtrail,2013-11-01,AWS CloudTrail,True,https://api.apis.guru/v2/specs/amazonaws.com/cloudtrail/2013-11-01/openapi.json,data/apis_guru/specs/0043_amazonaws.com_cloudtrail_2013-11-01.json,2026-06-02T02:51:52+00:00,ok,,f978b99694a4856404fcdd2a69f9dbb82b292809caccf49a8bcd0c26a973cc34,441534
44,apis_guru,amazonaws.com:codeartifact,2018-09-22,CodeArtifact,True,https://api.apis.guru/v2/specs/amazonaws.com/codeartifact/2018-09-22/openapi.json,data/apis_guru/specs/0044_amazonaws.com_codeartifact_2018-09-22.json,2026-06-02T02:51:53+00:00,ok,,65dc6ef91f014c23b7054acaa466627345f74d9e96100741119a1d327b9617a9,326094
45,apis_guru,amazonaws.com:codebuild,2016-10-06,AWS CodeBuild,True,https://api.apis.guru/v2/specs/amazonaws.com/codebuild/2016-10-06/openapi.json,data/apis_guru/specs/0045_amazonaws.com_codebuild_2016-10-06.json,2026-06-02T02:51:53+00:00,ok,,7d51ff87af0df828525646b955f65ca6d95cda38d7c414b6b1617b2796bb2cea,400595
46,apis_guru,amazonaws.com:codecommit,2015-04-13,AWS CodeCommit,True,https://api.apis.guru/v2/specs/amazonaws.com/codecommit/2015-04-13/openapi.json,data/apis_guru/specs/0046_amazonaws.com_codecommit_2015-04-13.json,2026-06-02T02:51:54+00:00,ok,,50af90ebc0363d9352a0139e55b0ea5fa5daa6d77f7fc57491114f6f9e1f8b2b,792956
47,apis_guru,amazonaws.com:codepipeline,2015-07-09,AWS CodePipeline,True,https://api.apis.guru/v2/specs/amazonaws.com/codepipeline/2015-07-09/openapi.json,data/apis_guru/specs/0047_amazonaws.com_codepipeline_2015-07-09.json,2026-06-02T02:51:54+00:00,ok,,10976c4159aa7c43274073ecf453f31c6ed53d70c6fe6a4839650ee9e7ee4da4,320794
48,apis_guru,amazonaws.com:cognito-identity,2014-06-30,Amazon Cognito Identity,True,https://api.apis.guru/v2/specs/amazonaws.com/cognito-identity/2014-06-30/openapi.json,data/apis_guru/specs/0048_amazonaws.com_cognito-identity_2014-06-30.json,2026-06-02T02:51:55+00:00,ok,,cadd010af1d2f7eb9485950224c459cbefeabf62fc63e3a9aa9ec64f81a21341,156851
49,apis_guru,amazonaws.com:cognito-idp,2016-04-18,Amazon Cognito Identity Provider,True,https://api.apis.guru/v2/specs/amazonaws.com/cognito-idp/2016-04-18/openapi.json,data/apis_guru/specs/0049_amazonaws.com_cognito-idp_2016-04-18.json,2026-06-02T02:51:55+00:00,ok,,ac81a9aaa6c62f108bf60d635c40edde1ac61611a462104cba1f849fb4841ddd,916022
50,apis_guru,amazonaws.com:cognito-sync,2014-06-30,Amazon Cognito Sync,True,https://api.apis.guru/v2/specs/amazonaws.com/cognito-sync/2014-06-30/openapi.json,data/apis_guru/specs/0050_amazonaws.com_cognito-sync_2014-06-30.json,2026-06-02T02:51:56+00:00,ok,,48b2a41f46ca8f363389210244602403c7c0371c0e6b864b669988201868d2f7,114225
51,apis_guru,amazonaws.com:discovery,2015-11-01,AWS Application Discovery Service,True,https://api.apis.guru/v2/specs/amazonaws.com/discovery/2015-11-01/openapi.json,data/apis_guru/specs/0051_amazonaws.com_discovery_2015-11-01.json,2026-06-02T02:51:56+00:00,ok,,f7f492905751a6123a37646ad6b9370cc24110f7f7623422c874ec1197418500,199427
52,apis_guru,amazonaws.com:eks,2017-11-01,Amazon Elastic Kubernetes Service,True,https://api.apis.guru/v2/specs/amazonaws.com/eks/2017-11-01/openapi.json,data/apis_guru/specs/0052_amazonaws.com_eks_2017-11-01.json,2026-06-02T02:51:57+00:00,ok,,5638c4ddded2dddd618e29f14c6287f6c54eab94494e2997be3da219f942516d,376357
53,apis_guru,amazonaws.com:elasticbeanstalk,2010-12-01,AWS Elastic Beanstalk,True,https://api.apis.guru/v2/specs/amazonaws.com/elasticbeanstalk/2010-12-01/openapi.json,data/apis_guru/specs/0053_amazonaws.com_elasticbeanstalk_2010-12-01.json,2026-06-02T02:51:58+00:00,ok,,d00e972c77701b592848f198a71ba7815a1dc4130f8707fbf031dc07358c555a,539262
54,apis_guru,amazonaws.com:elasticloadbalancing,2012-06-01,Elastic Load Balancing,True,https://api.apis.guru/v2/specs/amazonaws.com/elasticloadbalancing/2012-06-01/openapi.json,data/apis_guru/specs/0054_amazonaws.com_elasticloadbalancing_2012-06-01.json,2026-06-02T02:51:58+00:00,ok,,d8c75abf03edf52271123d1e3c3b267733d5456f4fe4e8574fbe6be70bdc1d6e,293384
55,apis_guru,amazonaws.com:elasticloadbalancingv2,2015-12-01,Elastic Load Balancing,True,https://api.apis.guru/v2/specs/amazonaws.com/elasticloadbalancingv2/2015-12-01/openapi.json,data/apis_guru/specs/0055_amazonaws.com_elasticloadbalancingv2_2015-12-01.json,2026-06-02T02:51:59+00:00,ok,,3781e64c19b5cc0fd7ef819cf149392f2f43738e3a0cffdce3a09f8195592dd4,462406
56,apis_guru,amazonaws.com:finspace,2021-03-12,FinSpace User Environment Management service,True,https://api.apis.guru/v2/specs/amazonaws.com/finspace/2021-03-12/openapi.json,data/apis_guru/specs/0056_amazonaws.com_finspace_2021-03-12.json,2026-06-02T02:51:59+00:00,ok,,b9b309e55a3988cf8bae158f6cb7954f09e5c0fa43466165937e42195c7a41fd,58753
57,apis_guru,amazonaws.com:globalaccelerator,2018-08-08,AWS Global Accelerator,True,https://api.apis.guru/v2/specs/amazonaws.com/globalaccelerator/2018-08-08/openapi.json,data/apis_guru/specs/0057_amazonaws.com_globalaccelerator_2018-08-08.json,2026-06-02T02:52:00+00:00,ok,,85fae89009a59d630f21feebbdf4ff726fb36ee06887420c51ef5a8dc9b2a22c,319999
58,apis_guru,amazonaws.com:guardduty,2017-11-28,Amazon GuardDuty,True,https://api.apis.guru/v2/specs/amazonaws.com/guardduty/2017-11-28/openapi.json,data/apis_guru/specs/0058_amazonaws.com_guardduty_2017-11-28.json,2026-06-02T02:52:00+00:00,ok,,8d1e86e62c60e78a448ccf48a40bc168720724bbfdf317796c91cc25237d1c39,600233
59,apis_guru,amazonaws.com:health,2016-08-04,AWS Health APIs and Notifications,True,https://api.apis.guru/v2/specs/amazonaws.com/health/2016-08-04/openapi.json,data/apis_guru/specs/0059_amazonaws.com_health_2016-08-04.json,2026-06-02T02:52:01+00:00,ok,,62cbc3c4551c9d5dfff02c62f6c196171823efedef80046fa5aa06a74e35e0a5,128141
60,apis_guru,amazonaws.com:healthlake,2017-07-01,Amazon HealthLake,True,https://api.apis.guru/v2/specs/amazonaws.com/healthlake/2017-07-01/openapi.json,data/apis_guru/specs/0060_amazonaws.com_healthlake_2017-07-01.json,2026-06-02T02:52:01+00:00,ok,,7a0ee412e3f9ecd132b3fd3ed25391c5ec23508cb5a20f56676da7220f2ff18e,92062
61,apis_guru,amazonaws.com:iam,2010-05-08,AWS Identity and Access Management,True,https://api.apis.guru/v2/specs/amazonaws.com/iam/2010-05-08/openapi.json,data/apis_guru/specs/0061_amazonaws.com_iam_2010-05-08.json,2026-06-02T02:52:02+00:00,ok,,0a757164b70fe92482fd731aa28f089de4e5fdc45f1a1d66db427646d6ae43cf,1844598
62,apis_guru,amazonaws.com:identitystore,2020-06-15,AWS SSO Identity Store,True,https://api.apis.guru/v2/specs/amazonaws.com/identitystore/2020-06-15/openapi.json,data/apis_guru/specs/0062_amazonaws.com_identitystore_2020-06-15.json,2026-06-02T02:52:02+00:00,ok,,64e17351066e8c28f8dbed5d6a4ca62068f3098d64b3ce599b9e2b47cc71a878,146688
63,apis_guru,amazonaws.com:iotfleethub,2020-11-03,AWS IoT Fleet Hub,True,https://api.apis.guru/v2/specs/amazonaws.com/iotfleethub/2020-11-03/openapi.json,data/apis_guru/specs/0063_amazonaws.com_iotfleethub_2020-11-03.json,2026-06-02T02:52:03+00:00,ok,,72e3da578eec223fd2e1a5c5f02e82bf7cd44fc860d43bddbeba1394e1862e41,44948
64,apis_guru,amazonaws.com:ivs,2020-07-14,Amazon Interactive Video Service,True,https://api.apis.guru/v2/specs/amazonaws.com/ivs/2020-07-14/openapi.json,data/apis_guru/specs/0064_amazonaws.com_ivs_2020-07-14.json,2026-06-02T02:52:03+00:00,ok,,0e941fb39bd49c0cd84f29af7d82de66de78231a6535771423dc307cccef4926,203380
65,apis_guru,amazonaws.com:kms,2014-11-01,AWS Key Management Service,True,https://api.apis.guru/v2/specs/amazonaws.com/kms/2014-11-01/openapi.json,data/apis_guru/specs/0065_amazonaws.com_kms_2014-11-01.json,2026-06-02T02:52:04+00:00,ok,,76cfa4cd60546916c1d6c1a898bb72743bda1342e4844e470a728e22a9fb55a5,609855
66,apis_guru,amazonaws.com:lambda,2015-03-31,AWS Lambda,True,https://api.apis.guru/v2/specs/amazonaws.com/lambda/2015-03-31/openapi.json,data/apis_guru/specs/0066_amazonaws.com_lambda_2015-03-31.json,2026-06-02T02:52:05+00:00,ok,,6e8e7818b3f7bdfa712837492fdc4901c1a6279fa47b529d18f3e0989e493b1a,604990
67,apis_guru,amazonaws.com:location,2020-11-19,Amazon Location Service,True,https://api.apis.guru/v2/specs/amazonaws.com/location/2020-11-19/openapi.json,data/apis_guru/specs/0067_amazonaws.com_location_2020-11-19.json,2026-06-02T02:52:05+00:00,ok,,c7406a0107649136a3ec9a2c0e3f32d401a6511d0e31bbd8a571fa3b3c85bab8,557938
68,apis_guru,amazonaws.com:monitoring,2010-08-01,Amazon CloudWatch,True,https://api.apis.guru/v2/specs/amazonaws.com/monitoring/2010-08-01/openapi.json,data/apis_guru/specs/0068_amazonaws.com_monitoring_2010-08-01.json,2026-06-02T02:52:06+00:00,ok,,7a42b529cc972a58366bae6b29f450bddc63aafc71f6c7158708e870361138b1,566042
69,apis_guru,amazonaws.com:mwaa,2020-07-01,AmazonMWAA,True,https://api.apis.guru/v2/specs/amazonaws.com/mwaa/2020-07-01/openapi.json,data/apis_guru/specs/0069_amazonaws.com_mwaa_2020-07-01.json,2026-06-02T02:52:06+00:00,ok,,3814d3f566369b6ec63021de2df45ccd4c78dde2dacc532dcb67b3bdfb82e504,131310
70,apis_guru,amazonaws.com:networkmanager,2019-07-05,AWS Network Manager,True,https://api.apis.guru/v2/specs/amazonaws.com/networkmanager/2019-07-05/openapi.json,data/apis_guru/specs/0070_amazonaws.com_networkmanager_2019-07-05.json,2026-06-02T02:52:07+00:00,ok,,bcb7b1757aadf69ee21eb83aa093408e745ed28b3064eb2b98c42e186fe3b534,572701
71,apis_guru,amazonaws.com:opsworks,2013-02-18,AWS OpsWorks,True,https://api.apis.guru/v2/specs/amazonaws.com/opsworks/2013-02-18/openapi.json,data/apis_guru/specs/0071_amazonaws.com_opsworks_2013-02-18.json,2026-06-02T02:52:08+00:00,ok,,36385397c5d5997e01171eb3acd87b4b2760501a8538448fd4e9faebb4e29110,501732
72,apis_guru,amazonaws.com:opsworkscm,2016-11-01,AWS OpsWorks CM,True,https://api.apis.guru/v2/specs/amazonaws.com/opsworkscm/2016-11-01/openapi.json,data/apis_guru/specs/0072_amazonaws.com_opsworkscm_2016-11-01.json,2026-06-02T02:52:08+00:00,ok,,e757ca903da0c397756cb1a394b1ed7c7e26b1dfa7353f2d094c6a90a71399e5,146604
73,apis_guru,amazonaws.com:proton,2020-07-20,AWS Proton,True,https://api.apis.guru/v2/specs/amazonaws.com/proton/2020-07-20/openapi.json,data/apis_guru/specs/0073_amazonaws.com_proton_2020-07-20.json,2026-06-02T02:52:09+00:00,ok,,de6f706c1971dbe28f9331d39ffe1a63eacc591c85d1057641c2c8c857fdeba5,622315
74,apis_guru,amazonaws.com:ram,2018-01-04,AWS Resource Access Manager,True,https://api.apis.guru/v2/specs/amazonaws.com/ram/2018-01-04/openapi.json,data/apis_guru/specs/0074_amazonaws.com_ram_2018-01-04.json,2026-06-02T02:52:09+00:00,ok,,cd22671344662c9c467524b0bb2875b12e94e55a5ab1ec06cb3be45524862297,394599
75,apis_guru,amazonaws.com:route53,2013-04-01,Amazon Route 53,True,https://api.apis.guru/v2/specs/amazonaws.com/route53/2013-04-01/openapi.json,data/apis_guru/specs/0075_amazonaws.com_route53_2013-04-01.json,2026-06-02T02:52:10+00:00,ok,,c13c6b2c39136d0f8b40d13a29fc625713e9e74bdd1ab050e506e421ea36cdf7,632030
76,apis_guru,amazonaws.com:sdb,2009-04-15,Amazon SimpleDB,True,https://api.apis.guru/v2/specs/amazonaws.com/sdb/2009-04-15/openapi.json,data/apis_guru/specs/0076_amazonaws.com_sdb_2009-04-15.json,2026-06-02T02:52:10+00:00,ok,,451ce9153a766ef7769e55e37caa0cd4c9faa47480d9018060c0e128927d0883,104841
77,apis_guru,amazonaws.com:securityhub,2018-10-26,AWS SecurityHub,True,https://api.apis.guru/v2/specs/amazonaws.com/securityhub/2018-10-26/openapi.json,data/apis_guru/specs/0077_amazonaws.com_securityhub_2018-10-26.json,2026-06-02T02:52:11+00:00,ok,,1b7828a94da237db3946c4ec12e62b1efe76a50f21de3b7a6570878cfd1b0b68,1659648
78,apis_guru,amazonaws.com:servicediscovery,2017-03-14,AWS Cloud Map,True,https://api.apis.guru/v2/specs/amazonaws.com/servicediscovery/2017-03-14/openapi.json,data/apis_guru/specs/0078_amazonaws.com_servicediscovery_2017-03-14.json,2026-06-02T02:52:12+00:00,ok,,93c51157892beff5ce890241302a61bce2eb037fa90f5a7885e411e41676c589,232382
79,apis_guru,amazonaws.com:snowball,2016-06-30,Amazon Import/Export Snowball,True,https://api.apis.guru/v2/specs/amazonaws.com/snowball/2016-06-30/openapi.json,data/apis_guru/specs/0079_amazonaws.com_snowball_2016-06-30.json,2026-06-02T02:52:13+00:00,ok,,b5734197090a5f94d2e71256dc215a2933902c37c140a14c6b6b1e7de386beb2,208268
80,apis_guru,amazonaws.com:sns,2010-03-31,Amazon Simple Notification Service,True,https://api.apis.guru/v2/specs/amazonaws.com/sns/2010-03-31/openapi.json,data/apis_guru/specs/0080_amazonaws.com_sns_2010-03-31.json,2026-06-02T02:52:13+00:00,ok,,9b88acc1454d5145509cf3a88684300670e8f4440a43a5732fbf292d8eeacbfa,478250
81,apis_guru,amazonaws.com:sqs,2012-11-05,Amazon Simple Queue Service,True,https://api.apis.guru/v2/specs/amazonaws.com/sqs/2012-11-05/openapi.json,data/apis_guru/specs/0081_amazonaws.com_sqs_2012-11-05.json,2026-06-02T02:52:14+00:00,ok,,41d7c860c6e52c0854913270019c3a14afacbe513613a06b67de65f09a4dc2e9,318857
82,apis_guru,amazonaws.com:ssm,2014-11-06,Amazon Simple Systems Manager (SSM),True,https://api.apis.guru/v2/specs/amazonaws.com/ssm/2014-11-06/openapi.json,data/apis_guru/specs/0082_amazonaws.com_ssm_2014-11-06.json,2026-06-02T02:52:14+00:00,ok,,12574a5bd9490c824e09aba0751c3a674d1012e1e8fb4e2b8a4a1abc4a2eab3c,1390382
83,apis_guru,amazonaws.com:sso,2019-06-10,AWS Single Sign-On,True,https://api.apis.guru/v2/specs/amazonaws.com/sso/2019-06-10/openapi.json,data/apis_guru/specs/0083_amazonaws.com_sso_2019-06-10.json,2026-06-02T02:52:15+00:00,ok,,21693199b5913bbb69aba465c5a26c4a4288392a783f0485865610a2400734e8,29936
84,apis_guru,amazonaws.com:sso-admin,2020-07-20,AWS Single Sign-On Admin,True,https://api.apis.guru/v2/specs/amazonaws.com/sso-admin/2020-07-20/openapi.json,data/apis_guru/specs/0084_amazonaws.com_sso-admin_2020-07-20.json,2026-06-02T02:52:15+00:00,ok,,072e8a029692e6c8668663fa802dc336967ab0b70e2e2f0405f40b835c62d3fc,242768
85,apis_guru,amazonaws.com:sso-oidc,2019-06-10,AWS SSO OIDC,True,https://api.apis.guru/v2/specs/amazonaws.com/sso-oidc/2019-06-10/openapi.json,data/apis_guru/specs/0085_amazonaws.com_sso-oidc_2019-06-10.json,2026-06-02T02:52:16+00:00,ok,,7afcf213df745c87198cc62245f179ef46473b68838ca84b48ce9ff37f427fe0,38445
86,apis_guru,amazonaws.com:storagegateway,2013-06-30,AWS Storage Gateway,True,https://api.apis.guru/v2/specs/amazonaws.com/storagegateway/2013-06-30/openapi.json,data/apis_guru/specs/0086_amazonaws.com_storagegateway_2013-06-30.json,2026-06-02T02:52:16+00:00,ok,,c65b405623895bc548e7bb3e839fa958bcd2f182b76227592ec73a8d2a8d820a,610017
87,apis_guru,amazonaws.com:sts,2011-06-15,AWS Security Token Service,True,https://api.apis.guru/v2/specs/amazonaws.com/sts/2011-06-15/openapi.json,data/apis_guru/specs/0087_amazonaws.com_sts_2011-06-15.json,2026-06-02T02:52:17+00:00,ok,,1dbeffb5f35dae8f3a8c8453cbcbe68cf1851bbbb76f89fdb084dd235f95dd0d,243810
88,apis_guru,amazonaws.com:synthetics,2017-10-11,Synthetics,True,https://api.apis.guru/v2/specs/amazonaws.com/synthetics/2017-10-11/openapi.json,data/apis_guru/specs/0088_amazonaws.com_synthetics_2017-10-11.json,2026-06-02T02:52:17+00:00,ok,,0d23b5bb00c11bba03fe8dfbae8997f741117d0de25ed591552a52dea6c43592,196739
89,apis_guru,amazonaws.com:workmail,2017-10-01,Amazon WorkMail,True,https://api.apis.guru/v2/specs/amazonaws.com/workmail/2017-10-01/openapi.json,data/apis_guru/specs/0089_amazonaws.com_workmail_2017-10-01.json,2026-06-02T02:52:18+00:00,ok,,1422638ea70b18397efa4710a4055c4f6bd64fcde10ef60c3b5fb748ef8f66ba,475580
90,apis_guru,amentum.space:aviation_radiation,1.5.0,Aviation Radiation API,True,https://api.apis.guru/v2/specs/amentum.space/aviation_radiation/1.5.0/openapi.json,data/apis_guru/specs/0090_amentum.space_aviation_radiation_1.5.0.json,2026-06-02T02:52:19+00:00,ok,,d792217f657a517367a96a7c25106c22a1200db5178d0e988ef46141e69df6af,67238
91,apis_guru,amentum.space:global-magnet,1.3.0,Geomag API,True,https://api.apis.guru/v2/specs/amentum.space/global-magnet/1.3.0/openapi.json,data/apis_guru/specs/0091_amentum.space_global-magnet_1.3.0.json,2026-06-02T02:52:19+00:00,ok,,7935dd0cf2750bbb6c423076f5e4e82780a14359667488b1c2be12d46a63cd74,8902
92,apis_guru,amentum.space:gravity,1.1.1,Gravity API,True,https://api.apis.guru/v2/specs/amentum.space/gravity/1.1.1/openapi.json,data/apis_guru/specs/0092_amentum.space_gravity_1.1.1.json,2026-06-02T02:52:20+00:00,ok,,c265a82568ec2ad9f9a63a2ca5b6101f4a81a7a33ceb3550c2694badff635e13,8792
93,apis_guru,amentum.space:space_radiation,1.1.2,Space Radiation API,True,https://api.apis.guru/v2/specs/amentum.space/space_radiation/1.1.2/openapi.json,data/apis_guru/specs/0093_amentum.space_space_radiation_1.1.2.json,2026-06-02T02:52:20+00:00,ok,,56a5c8e2f25275aa214c3021e858cf8af695c321fa7b5dadb6df91ef2e08e2dd,22784
94,apis_guru,apache.org,2.5.1,Airflow API (Stable),True,https://api.apis.guru/v2/specs/apache.org/2.5.1/openapi.json,data/apis_guru/specs/0094_apache.org_2.5.1.json,2026-06-02T02:52:21+00:00,ok,,d64b718d898f5f0d3da615e61a9491e31f603dff4dbd64ba6365b472026b1b87,192450
95,apis_guru,apache.org:airflow,2.5.1,Airflow API (Stable),True,https://api.apis.guru/v2/specs/apache.org/airflow/2.5.1/openapi.json,data/apis_guru/specs/0095_apache.org_airflow_2.5.1.json,2026-06-02T02:52:21+00:00,ok,,d64b718d898f5f0d3da615e61a9491e31f603dff4dbd64ba6365b472026b1b87,192450
96,apis_guru,api.ebay.com:sell-account,v1.9.0,Account API,True,https://api.apis.guru/v2/specs/api.ebay.com/sell-account/v1.9.0/openapi.json,data/apis_guru/specs/0096_api.ebay.com_sell-account_v1.9.0.json,2026-06-02T02:52:22+00:00,ok,,e6fc413676effa99a2ff4b3acfcbe1d8230556eed188f9b503e6b820fccc1eed,250372
97,apis_guru,api.gov.uk:vehicle-enquiry,1.1.0,Vehicle Enquiry API,True,https://api.apis.guru/v2/specs/api.gov.uk/vehicle-enquiry/1.1.0/openapi.json,data/apis_guru/specs/0097_api.gov.uk_vehicle-enquiry_1.1.0.json,2026-06-02T02:52:22+00:00,ok,,34e6330d017214f3ec26e522324bf08d3cebab3d582f13bc820f6344a45f3be6,9297
98,apis_guru,apicurio.local:registry,2.4.x,Apicurio Registry API [v2],True,https://api.apis.guru/v2/specs/apicurio.local/registry/2.4.x/openapi.json,data/apis_guru/specs/0098_apicurio.local_registry_2.4.x.json,2026-06-02T02:52:23+00:00,ok,,66b1813fe1ad392bb874532dfa880795ea768a8300416b5e8445009d6139349a,158237
99,apis_guru,apideck.com:accounting,9.3.0,Accounting API,True,https://api.apis.guru/v2/specs/apideck.com/accounting/9.3.0/openapi.json,data/apis_guru/specs/0099_apideck.com_accounting_9.3.0.json,2026-06-02T02:52:23+00:00,ok,,c44f6890e394847a68ec7290d345adb0f2b2d2a8ffc787a6ff743add857e9a39,488359
100,apis_guru,apideck.com:ats,9.3.0,ATS API,True,https://api.apis.guru/v2/specs/apideck.com/ats/9.3.0/openapi.json,data/apis_guru/specs/0100_apideck.com_ats_9.3.0.json,2026-06-02T02:52:24+00:00,ok,,917f83ef9741061f13e199175bd2288956076bee398d7b19ca6b7cc472c47803,143196
101,apis_guru,apideck.com:connector,9.3.0,Connector API,True,https://api.apis.guru/v2/specs/apideck.com/connector/9.3.0/openapi.json,data/apis_guru/specs/0101_apideck.com_connector_9.3.0.json,2026-06-02T02:52:25+00:00,ok,,b4c3a19b7799301a903254db0712162d99a82f51778146e6a7e599d864ca398d,93217
102,apis_guru,apideck.com:crm,9.3.0,CRM API,True,https://api.apis.guru/v2/specs/apideck.com/crm/9.3.0/openapi.json,data/apis_guru/specs/0102_apideck.com_crm_9.3.0.json,2026-06-02T02:52:26+00:00,ok,,46fda394dc20741d3f40f0d52d56718cc91138b2e5de14cf9fb671ba3d47d9bf,361207
103,apis_guru,apideck.com:customer-support,9.3.0,Customer Support,True,https://api.apis.guru/v2/specs/apideck.com/customer-support/9.3.0/openapi.json,data/apis_guru/specs/0103_apideck.com_customer-support_9.3.0.json,2026-06-02T02:52:26+00:00,ok,,7c34ccfd9488ff313a5385ecdd967162179c0f2b4ea65bff6865c8959cdc71f1,136255
104,apis_guru,apideck.com:ecommerce,9.3.0,Ecommerce API,True,https://api.apis.guru/v2/specs/apideck.com/ecommerce/9.3.0/openapi.json,data/apis_guru/specs/0104_apideck.com_ecommerce_9.3.0.json,2026-06-02T02:52:27+00:00,ok,,ef6e859855789c3c341d166b79dc75e668dbb55acab013eba93a0762cfde4d01,157349
105,apis_guru,apideck.com:file-storage,9.3.0,File storage API,True,https://api.apis.guru/v2/specs/apideck.com/file-storage/9.3.0/openapi.json,data/apis_guru/specs/0105_apideck.com_file-storage_9.3.0.json,2026-06-02T02:52:28+00:00,ok,,e0eed6a98a5f5b053ede63bea1fead80ad9e85a2fa04ff1179f4fd00f836fc73,198539
106,apis_guru,apideck.com:hris,9.3.0,HRIS API,True,https://api.apis.guru/v2/specs/apideck.com/hris/9.3.0/openapi.json,data/apis_guru/specs/0106_apideck.com_hris_9.3.0.json,2026-06-02T02:52:29+00:00,ok,,f0a76c7ad4c4a20ded5218e0c5f31e9e65de0dc7234347333c24893248484325,268468
107,apis_guru,apideck.com:issue-tracking,9.3.0,Issue Tracking API,True,https://api.apis.guru/v2/specs/apideck.com/issue-tracking/9.3.0/openapi.json,data/apis_guru/specs/0107_apideck.com_issue-tracking_9.3.0.json,2026-06-02T02:52:29+00:00,ok,,f6c2531dd4b835f62945841fda5ed6f608f98dc0e70dfdbd4db13c6d003c5228,162404
108,apis_guru,apideck.com:lead,9.3.0,Lead API,True,https://api.apis.guru/v2/specs/apideck.com/lead/9.3.0/openapi.json,data/apis_guru/specs/0108_apideck.com_lead_9.3.0.json,2026-06-02T02:52:30+00:00,ok,,6a8502f662a6b7bb480dc95ee22d2a20d77403d5866236d64ec6f7a3ccd0a46e,115139
109,apis_guru,apideck.com:pos,9.3.0,POS API,True,https://api.apis.guru/v2/specs/apideck.com/pos/9.3.0/openapi.json,data/apis_guru/specs/0109_apideck.com_pos_9.3.0.json,2026-06-02T02:52:31+00:00,ok,,fa194cf86d373e8bb6dc1af3730f230626723fe9cb9884b2b947e3c1a8e099b0,399688
110,apis_guru,apideck.com:proxy,9.3.0,Proxy API,True,https://api.apis.guru/v2/specs/apideck.com/proxy/9.3.0/openapi.json,data/apis_guru/specs/0110_apideck.com_proxy_9.3.0.json,2026-06-02T02:52:31+00:00,ok,,a9b7cab137492d4d7991b0957534ca2bbe80e047e59734bfb9048550b774b61d,35731
111,apis_guru,apideck.com:sms,9.3.0,SMS API,True,https://api.apis.guru/v2/specs/apideck.com/sms/9.3.0/openapi.json,data/apis_guru/specs/0111_apideck.com_sms_9.3.0.json,2026-06-02T02:52:32+00:00,ok,,ca982120b2e91acbe503151b9387949b5c7656d086740c5aee2d8baad7c68c10,92158
112,apis_guru,apideck.com:vault,9.3.0,Vault API,True,https://api.apis.guru/v2/specs/apideck.com/vault/9.3.0/openapi.json,data/apis_guru/specs/0112_apideck.com_vault_9.3.0.json,2026-06-02T02:52:33+00:00,ok,,fc21528ed7fbe0819e45f5158c3dd85ed0828d6d7c3fd8490a5c8e57e09478fc,173415
113,apis_guru,apideck.com:webhook,9.3.0,Webhook API,True,https://api.apis.guru/v2/specs/apideck.com/webhook/9.3.0/openapi.json,data/apis_guru/specs/0113_apideck.com_webhook_9.3.0.json,2026-06-02T02:52:33+00:00,ok,,0fa7612b0767106ae5d3e4d812be54e13d33593d94187e51a1289986c71a94e4,87239
114,apis_guru,apisetu.gov.in:aaharjh,3.0.0,"Department of Food, Public Distribution & Consumer Affairs (PDS), Jharkhand",True,https://api.apis.guru/v2/specs/apisetu.gov.in/aaharjh/3.0.0/openapi.json,data/apis_guru/specs/0114_apisetu.gov.in_aaharjh_3.0.0.json,2026-06-02T02:52:34+00:00,ok,,72fef894db78ea4a68374dc7992e8304156114ea8f66e5ffc96e290f960d00e7,38391
115,apis_guru,apisetu.gov.in:acko,3.0.0,Acko General Insurance Limited,True,https://api.apis.guru/v2/specs/apisetu.gov.in/acko/3.0.0/openapi.json,data/apis_guru/specs/0115_apisetu.gov.in_acko_3.0.0.json,2026-06-02T02:52:34+00:00,ok,,24f614f6b1d715756a973b2d01b46c4d888ee0eacaf6d67357cf11c94357f016,44098
116,apis_guru,apisetu.gov.in:agtripura,3.0.0,"Accountants General, Tripura",True,https://api.apis.guru/v2/specs/apisetu.gov.in/agtripura/3.0.0/openapi.json,data/apis_guru/specs/0116_apisetu.gov.in_agtripura_3.0.0.json,2026-06-02T02:52:35+00:00,ok,,a20e29afa7d513bf1472d5cc20a304fea0edd5336e7ca95be8d34f3e34a4f350,40766
117,apis_guru,apisetu.gov.in:aharakar,3.0.0,"Food, Civil Supplies and Consumer Affairs Department, Karnataka",True,https://api.apis.guru/v2/specs/apisetu.gov.in/aharakar/3.0.0/openapi.json,data/apis_guru/specs/0117_apisetu.gov.in_aharakar_3.0.0.json,2026-06-02T02:52:36+00:00,ok,,417f71f0ea4193fec2d563a6332a82b1f4a212ad4a9022aeff84873181f9b2a2,37970
118,apis_guru,apisetu.gov.in:aiimsmangalagiri,3.0.0,AIIMS Mangalagiri,True,https://api.apis.guru/v2/specs/apisetu.gov.in/aiimsmangalagiri/3.0.0/openapi.json,data/apis_guru/specs/0118_apisetu.gov.in_aiimsmangalagiri_3.0.0.json,2026-06-02T02:52:36+00:00,ok,,f7b569ae1c471eb7a158f2c2c292dcc6941933e237e7adc0240afc5f457e32a1,38328
119,apis_guru,apisetu.gov.in:aiimspatna,3.0.0,"AIIMS, Patna",True,https://api.apis.guru/v2/specs/apisetu.gov.in/aiimspatna/3.0.0/openapi.json,data/apis_guru/specs/0119_apisetu.gov.in_aiimspatna_3.0.0.json,2026-06-02T02:52:37+00:00,ok,,7242f728023d39a18eb23f423bca9d73121fe4d91dcb44853ec49ebf1c9b5e66,38367
120,apis_guru,apisetu.gov.in:aiimsrishikesh,3.0.0,AIIMS Rishikesh,True,https://api.apis.guru/v2/specs/apisetu.gov.in/aiimsrishikesh/3.0.0/openapi.json,data/apis_guru/specs/0120_apisetu.gov.in_aiimsrishikesh_3.0.0.json,2026-06-02T02:52:37+00:00,ok,,db2bb1bf0af5d9f67386190a8b29d178ca8049b27383cc7c80db123bc24a7e10,37673
121,apis_guru,apisetu.gov.in:aktu,3.0.0,"Dr. A. P. J. Abdul Kalam Technical University, Lucknow, Uttar Pradesh",True,https://api.apis.guru/v2/specs/apisetu.gov.in/aktu/3.0.0/openapi.json,data/apis_guru/specs/0121_apisetu.gov.in_aktu_3.0.0.json,2026-06-02T02:52:38+00:00,ok,,a513817fb8d75c68c3047e116a65df4e515290d801a1e87d623216cb2951b901,42542
122,apis_guru,apisetu.gov.in:apmcservices,3.0.0,"Department of Agricultural Marketing, Karnataka",True,https://api.apis.guru/v2/specs/apisetu.gov.in/apmcservices/3.0.0/openapi.json,data/apis_guru/specs/0122_apisetu.gov.in_apmcservices_3.0.0.json,2026-06-02T02:52:39+00:00,ok,,7a7903018f94c73b7db9e96ad63ffb7a392cfc6f0d44b1de08abdd1b9443c471,37471
123,apis_guru,apisetu.gov.in:asrb,3.0.0,Agricultural Scientists Recruitment Board,True,https://api.apis.guru/v2/specs/apisetu.gov.in/asrb/3.0.0/openapi.json,data/apis_guru/specs/0123_apisetu.gov.in_asrb_3.0.0.json,2026-06-02T02:52:39+00:00,ok,,49576889cf113d9320bfa960070756d311b44191bb93d42ffeca7dae0f73ea96,38095
124,apis_guru,apisetu.gov.in:bajajallianz,3.0.0,Bajaj Allianz General Insurance Company Ltd. (BAGIC),True,https://api.apis.guru/v2/specs/apisetu.gov.in/bajajallianz/3.0.0/openapi.json,data/apis_guru/specs/0124_apisetu.gov.in_bajajallianz_3.0.0.json,2026-06-02T02:52:40+00:00,ok,,5ec628e922f7cf6b913d81f52c92217bc3441e2f12c21ce42bb69708955a5a78,56744
125,apis_guru,apisetu.gov.in:bajajallianzlife,3.0.0,Bajaj Allianz Life Insurance Company Ltd,True,https://api.apis.guru/v2/specs/apisetu.gov.in/bajajallianzlife/3.0.0/openapi.json,data/apis_guru/specs/0125_apisetu.gov.in_bajajallianzlife_3.0.0.json,2026-06-02T02:52:41+00:00,ok,,63fb52fea5ae51c0753d3f09b244e52e37e8c7cf9f5dacb207ff72f71021ea88,38019
126,apis_guru,apisetu.gov.in:barti,3.0.0,"Dr. Babasaheb Ambedkar Research & Training Institute, Maharashtra",True,https://api.apis.guru/v2/specs/apisetu.gov.in/barti/3.0.0/openapi.json,data/apis_guru/specs/0126_apisetu.gov.in_barti_3.0.0.json,2026-06-02T02:52:41+00:00,ok,,313d9779cc749e6d2d540a32e99902c31e7c1d0027e798516102287f94abcc0f,37677
127,apis_guru,apisetu.gov.in:bharatpetroleum,3.0.0,Ministry of Petroleum and Natural Gas(BPCL),True,https://api.apis.guru/v2/specs/apisetu.gov.in/bharatpetroleum/3.0.0/openapi.json,data/apis_guru/specs/0127_apisetu.gov.in_bharatpetroleum_3.0.0.json,2026-06-02T02:52:42+00:00,ok,,95a347f9e0c1dada0afec63ab40fe1731751da247defbeab2cc1bcaef57c4b28,37727
128,apis_guru,apisetu.gov.in:bhartiaxagi,3.0.0,Bharti AXA General Insurance Company Ltd.,True,https://api.apis.guru/v2/specs/apisetu.gov.in/bhartiaxagi/3.0.0/openapi.json,data/apis_guru/specs/0128_apisetu.gov.in_bhartiaxagi_3.0.0.json,2026-06-02T02:52:43+00:00,ok,,9b246e83d6a9556a0b197cafd5c2ac6d12ecd7d96c58511296fce31264a2c313,50257
129,apis_guru,apisetu.gov.in:bhavishya,3.0.0,Department of Pension and Pensioners Welfare,True,https://api.apis.guru/v2/specs/apisetu.gov.in/bhavishya/3.0.0/openapi.json,data/apis_guru/specs/0129_apisetu.gov.in_bhavishya_3.0.0.json,2026-06-02T02:52:43+00:00,ok,,a32dea5d85fd4a3544830b44fc1d8f643f83e4c502de6d4d2d31fb203e189292,38356
130,apis_guru,apisetu.gov.in:biharboard,3.0.0,"Bihar State Board of School Examination, Bihar",True,https://api.apis.guru/v2/specs/apisetu.gov.in/biharboard/3.0.0/openapi.json,data/apis_guru/specs/0130_apisetu.gov.in_biharboard_3.0.0.json,2026-06-02T02:52:44+00:00,ok,,9be3c3ba876e69957d0d6e89ed8a1ecc992989dbf7f44b6fe3d15d45a5bf7627,42319
131,apis_guru,apisetu.gov.in:bput,3.0.0,"Biju Patnaik University Of Technology, Odisha",True,https://api.apis.guru/v2/specs/apisetu.gov.in/bput/3.0.0/openapi.json,data/apis_guru/specs/0131_apisetu.gov.in_bput_3.0.0.json,2026-06-02T02:52:44+00:00,ok,,fbf6636b20b7493b718546f3b84143f1ff4bcc612cc74dea6e84e4fa5d63b6f3,38005
132,apis_guru,apisetu.gov.in:bsehr,3.0.0,"Haryana State Board of School Education, Haryana",True,https://api.apis.guru/v2/specs/apisetu.gov.in/bsehr/3.0.0/openapi.json,data/apis_guru/specs/0132_apisetu.gov.in_bsehr_3.0.0.json,2026-06-02T02:52:45+00:00,ok,,398cd9acefad122944a401963a1bdd9c2b6805875cafdb4c3066e2fa08e2671b,41320
133,apis_guru,apisetu.gov.in:cbse,3.0.0,Central Board of Secondary Education,True,https://api.apis.guru/v2/specs/apisetu.gov.in/cbse/3.0.0/openapi.json,data/apis_guru/specs/0133_apisetu.gov.in_cbse_3.0.0.json,2026-06-02T02:52:46+00:00,ok,,8d039fd1ac0e1f067148c60be750d3dfe3cba7ae651469fa551c72ec16ea3213,88826
134,apis_guru,apisetu.gov.in:cgbse,3.0.0,"Chhattisgarh State Board of Secondary Education, Chhattisgarh",True,https://api.apis.guru/v2/specs/apisetu.gov.in/cgbse/3.0.0/openapi.json,data/apis_guru/specs/0134_apisetu.gov.in_cgbse_3.0.0.json,2026-06-02T02:52:46+00:00,ok,,e24031292ecc0b13349a60444047340d8e0bb8d46f102304c91a5d3b79a61268,41985
135,apis_guru,apisetu.gov.in:chennaicorp,3.0.0,"Greater Chennai Corporation, Tamil Nadu",True,https://api.apis.guru/v2/specs/apisetu.gov.in/chennaicorp/3.0.0/openapi.json,data/apis_guru/specs/0135_apisetu.gov.in_chennaicorp_3.0.0.json,2026-06-02T02:52:47+00:00,ok,,ba01c26acae6ee7f2eb40a002cd3635e53d6580482db78f53e144e0263992172,40910
136,apis_guru,apisetu.gov.in:chitkarauniversity,3.0.0,Chitkara University,True,https://api.apis.guru/v2/specs/apisetu.gov.in/chitkarauniversity/3.0.0/openapi.json,data/apis_guru/specs/0136_apisetu.gov.in_chitkarauniversity_3.0.0.json,2026-06-02T02:52:47+00:00,ok,,01c6dce1a3e6ea6a6cd9165cf4146eaa768dcf8a000fee4f33bae4b0c6fba517,38020
137,apis_guru,apisetu.gov.in:cholainsurance,3.0.0,Cholamandalam MS General Insurance Company Ltd.,True,https://api.apis.guru/v2/specs/apisetu.gov.in/cholainsurance/3.0.0/openapi.json,data/apis_guru/specs/0137_apisetu.gov.in_cholainsurance_3.0.0.json,2026-06-02T02:52:48+00:00,ok,,097734b5ca8428f097b148090400263cd07094fcc85b469ccae9f04499973210,40843
138,apis_guru,apisetu.gov.in:cisce,3.0.0,CISCE,True,https://api.apis.guru/v2/specs/apisetu.gov.in/cisce/3.0.0/openapi.json,data/apis_guru/specs/0138_apisetu.gov.in_cisce_3.0.0.json,2026-06-02T02:52:49+00:00,ok,,dec6b468fefd119f5635056e0c224a4eb3fc1eb43aec45d93e1860c16c9413ef,55099
139,apis_guru,apisetu.gov.in:civilsupplieskerala,3.0.0,"Civil Supplies Department, Kerala",True,https://api.apis.guru/v2/specs/apisetu.gov.in/civilsupplieskerala/3.0.0/openapi.json,data/apis_guru/specs/0139_apisetu.gov.in_civilsupplieskerala_3.0.0.json,2026-06-02T02:52:49+00:00,ok,,6dd68883912b2098eaf4bbe903696259b8f236fcb505561b99034acafe1077fc,37805
140,apis_guru,apisetu.gov.in:cpctmp,3.0.0,"CPCT-MAPIT, Madhya Pradesh",True,https://api.apis.guru/v2/specs/apisetu.gov.in/cpctmp/3.0.0/openapi.json,data/apis_guru/specs/0140_apisetu.gov.in_cpctmp_3.0.0.json,2026-06-02T02:52:50+00:00,ok,,65a4157e20ecf57e44bb7343aca53e0e3d4bcc4e051602bfc8e63813e107bada,38165
141,apis_guru,apisetu.gov.in:csc,3.0.0,Common Service Centre (CSC),True,https://api.apis.guru/v2/specs/apisetu.gov.in/csc/3.0.0/openapi.json,data/apis_guru/specs/0141_apisetu.gov.in_csc_3.0.0.json,2026-06-02T02:52:50+00:00,ok,,3566683cf96638e8f0b4f6bec9c41708b60aa61bdcc4b1553ce5d2445d882849,38018
142,apis_guru,apisetu.gov.in:dbraitandaman,3.0.0,"Dr. B.R. Ambedkar Institute of Technology,Andaman & Nicobar Islands",True,https://api.apis.guru/v2/specs/apisetu.gov.in/dbraitandaman/3.0.0/openapi.json,data/apis_guru/specs/0142_apisetu.gov.in_dbraitandaman_3.0.0.json,2026-06-02T02:52:51+00:00,ok,,d15f1c7603fc73c62870b57f2891ee557b28e15325d0aa09fd31814a76ea6912,38167
143,apis_guru,apisetu.gov.in:dgecerttn,3.0.0,"Tamil Nadu State Board (Tamil Nadu Directorate of Government Examinations), Tamil Nadu",True,https://api.apis.guru/v2/specs/apisetu.gov.in/dgecerttn/3.0.0/openapi.json,data/apis_guru/specs/0143_apisetu.gov.in_dgecerttn_3.0.0.json,2026-06-02T02:52:52+00:00,ok,,364fd5f907cb3b2dbc6ea4a9c6332a57bd9e76cc6a535c49e8dd44c3775344b2,42845
144,apis_guru,apisetu.gov.in:dgft,3.0.0,Importer-Exporter Details API,True,https://api.apis.guru/v2/specs/apisetu.gov.in/dgft/3.0.0/openapi.json,data/apis_guru/specs/0144_apisetu.gov.in_dgft_3.0.0.json,2026-06-02T02:52:52+00:00,ok,,914f82ce52a3966151f0552ef964f7e945833e629f4e7b874585d1d16b3e0d7b,13056
145,apis_guru,apisetu.gov.in:dhsekerala,3.0.0,"BOARD OF HIGHER SECONDARY EXAMINATION, KERALA, Kerala",True,https://api.apis.guru/v2/specs/apisetu.gov.in/dhsekerala/3.0.0/openapi.json,data/apis_guru/specs/0145_apisetu.gov.in_dhsekerala_3.0.0.json,2026-06-02T02:52:53+00:00,ok,,8acf72df20aeeabd4896b7db5cc7769be828ed14a59632ab11ed239e2ba64093,38519
146,apis_guru,apisetu.gov.in:ditarunachal,3.0.0,"Department of IT and Communication, Arunachal Pradesh",True,https://api.apis.guru/v2/specs/apisetu.gov.in/ditarunachal/3.0.0/openapi.json,data/apis_guru/specs/0146_apisetu.gov.in_ditarunachal_3.0.0.json,2026-06-02T02:52:54+00:00,ok,,5517b6ed0ebf8c16b71dc0405f75e822ab4c755a095818ebd173eeeb153adc7a,38189
147,apis_guru,apisetu.gov.in:ditch,3.0.0,"eDistrict Chandigarh, Chandigarh",True,https://api.apis.guru/v2/specs/apisetu.gov.in/ditch/3.0.0/openapi.json,data/apis_guru/specs/0147_apisetu.gov.in_ditch_3.0.0.json,2026-06-02T02:52:55+00:00,ok,,5f1a08ab5fc6d785ab9dc2ea3496cd8525d35da2f2e1334ec4a1e4c2268be619,47260
148,apis_guru,apisetu.gov.in:dittripura,3.0.0,"Directorate of Information Technology, Government of Tripura, Tripura",True,https://api.apis.guru/v2/specs/apisetu.gov.in/dittripura/3.0.0/openapi.json,data/apis_guru/specs/0148_apisetu.gov.in_dittripura_3.0.0.json,2026-06-02T02:52:55+00:00,ok,,1cfeb36167fd839aa2c69a0c759d9dc1630b2a02528230d51e001f64d1aa0b8e,91134
149,apis_guru,apisetu.gov.in:duexam,3.0.0,University Of Delhi,True,https://api.apis.guru/v2/specs/apisetu.gov.in/duexam/3.0.0/openapi.json,data/apis_guru/specs/0149_apisetu.gov.in_duexam_3.0.0.json,2026-06-02T02:52:56+00:00,ok,,88748a6d666283190fd6303b05cb63cbb896aeae5fba02f2eacdf1d6419db961,37948
150,apis_guru,apisetu.gov.in:edistrictandaman,3.0.0,"eDistrict Andaman & Nicobar Islands, Andaman & Nicobar",True,https://api.apis.guru/v2/specs/apisetu.gov.in/edistrictandaman/3.0.0/openapi.json,data/apis_guru/specs/0150_apisetu.gov.in_edistrictandaman_3.0.0.json,2026-06-02T02:52:57+00:00,ok,,36d01b139699c280b789e5ffebe5ccb822c85401d8382f301de69cdec6378085,69900
